﻿<?xml version="1.0" encoding="utf-8" ?>
<Defs>

  <ThingDef Name="RTR_CustomRoof" Abstract="True">
    <thingClass>Building</thingClass>
    <category>Building</category>
    <soundImpactDefault>BulletImpact_Metal</soundImpactDefault>
    <leaveResourcesWhenKilled>false</leaveResourcesWhenKilled>
    <altitudeLayer>BuildingOnTop</altitudeLayer>
    <passability>Standable</passability>
    <blockWind>true</blockWind>
    <castEdgeShadows>true</castEdgeShadows>
    <fillPercent>0</fillPercent>
    <coversFloor>false</coversFloor>
    <placingDraggableDimensions>2</placingDraggableDimensions>
    <tickerType>Normal</tickerType>
    <rotatable>false</rotatable>
    <neverMultiSelect>true</neverMultiSelect>
    <terrainAffordanceNeeded>Light</terrainAffordanceNeeded>
    <!--<designationCategory>Structure</designationCategory>-->
    <staticSunShadowHeight>1.0</staticSunShadowHeight>
    <blockLight>false</blockLight>
    <canOverlapZones>true</canOverlapZones>
    <drawerType>MapMeshAndRealTime</drawerType>
    <clearBuildingArea>false</clearBuildingArea>
    <useHitPoints>false</useHitPoints>
    <building>
      <isInert>true</isInert>
      <canPlaceOverWall>true</canPlaceOverWall>
      <isEdifice>false</isEdifice>
    </building>
    <comps>
      <li Class="CompProperties_Forbiddable"/>
    </comps>
  </ThingDef>

  <ThingDef ParentName="RTR_CustomRoof">
    <defName>RTR_SteelRoof</defName>
    <label>constructed steel roof</label>
    <description>Provides a thick steel roofing to keep drop pods out.</description>
    <uiIconPath>UI/Designators/BuildSteelRoofArea</uiIconPath>
    <graphicData>
      <graphicClass>Graphic_Single</graphicClass>
      <texPath>Things/Special/TerrainBlueprint</texPath>
    </graphicData>
    <statBases>
      <WorkToBuild>250</WorkToBuild>
    </statBases>
    <costList>
      <Steel>100</Steel>
    </costList>
    <building>
      <blueprintGraphicData>
        <texPath>Things/Special/TerrainBlueprint</texPath>
      </blueprintGraphicData>
    </building>
    <comps>
      <li Class="RaiseTheRoof.CompProperties_BuildCustomRoof">
      <compClass>RaiseTheRoof.CompBuildCustomRoof</compClass>
      <roofDef>RTR_RoofSteel</roofDef>
      </li>
    </comps>
  </ThingDef>

  <ThingDef ParentName="RTR_CustomRoof">
    <defName>RTR_RemoveSteelRoof</defName>
    <label>constructed steel roof</label>
    <description>Provides a thick steel roofing to keep drop pods out.</description>
    <uiIconPath>UI/Designators/RemoveSteelRoofArea</uiIconPath>
    <graphicData>
      <graphicClass>Graphic_Single</graphicClass>
      <texPath>Designations/Deconstruct</texPath>
    </graphicData>
    <statBases>
      <WorkToBuild>50</WorkToBuild>
    </statBases>
    <building>
      <blueprintGraphicData>
        <texPath>Designations/Deconstruct</texPath>
      </blueprintGraphicData>
    </building>
    <comps>
      <li Class="RaiseTheRoof.CompProperties_RemoveCustomRoof">
      <compClass>RaiseTheRoof.CompRemoveCustomRoof</compClass>
      <roofDef>RTR_RoofSteel</roofDef>
      </li>
    </comps>
  </ThingDef>

</Defs>
